Week Start,Strategy,Date Added,Stock Symbol,Entry Price,Weekend Price (Friday),Status
01-June-2026,Codex Milega Hilega Weekly,06-June-2026,DENORA,765.5,-,IN (in strategy still)
01-June-2026,Codex Milega Hilega Weekly,06-June-2026,PRIMESECU,300.9,-,IN (in strategy still)
01-June-2026,Codex Milega Hilega Weekly,06-June-2026,SSWL,226.89,-,IN (in strategy still)
01-June-2026,Codex Milega Hilega Weekly,06-June-2026,SGIL,571.3,-,IN (in strategy still)
01-June-2026,Codex Milega Hilega Weekly,06-June-2026,LIQUIDETF,1000,-,IN (in strategy still)
01-June-2026,Codex Milega Hilega Weekly,06-June-2026,AURUM,190.08,-,IN (in strategy still)
01-June-2026,Jyoti Budhiya 15M Breakout,06-June-2026,ACUTAAS,3328.3,-,IN (in strategy still)
08-June-2026,Codex Milega Hilega Weekly,09-June-2026,COMSYN,162.3,171.07,IN (in strategy still)
08-June-2026,Jyoti Budhiya 15M Breakout,09-June-2026,FEDERALBNK,314.4,316.0,OUT (Not in Strategy)
08-June-2026,Jyoti Budhiya 15M Breakout,09-June-2026,J&KBANK,155.07,157.35,OUT (Not in Strategy)
08-June-2026,Codex Milega Hilega Weekly,10-June-2026,EASEMYTRIP,8.86,8.35,OUT (Not in Strategy)
08-June-2026,Codex Milega Hilega Weekly,10-June-2026,LIQUID,1000,1000,OUT (Not in Strategy)
08-June-2026,Codex Milega Hilega Weekly,11-June-2026,GLFL,6.32,6.12,IN (in strategy still)
08-June-2026,Codex Milega Hilega Weekly,12-June-2026,NIBL,30.73,31,OUT (Not in Strategy)
08-June-2026,Jyoti Budhiya 15M Breakout,12-June-2026,CAPLIPOINT,2417.3,2417.3,OUT (Not in Strategy)
08-June-2026,Codex Milega Hilega Weekly,12-June-2026,AXISBANK,1331.8,1356.3,IN (in strategy still)
15-June-2026,Codex Milega Hilega Weekly,15-June-2026,COMSYN,169.9,164.77,OUT (Not in Strategy)
15-June-2026,Codex Milega Hilega Weekly,15-June-2026,GLFL,6.12,7.34,OUT (Not in Strategy)
15-June-2026,Codex Milega Hilega Weekly,15-June-2026,AXISBANK,1356.3,1356.9,OUT (Not in Strategy)
15-June-2026,Jyoti Budhiya 15M Breakout,15-June-2026,MAHABANK,88.98,90.06,OUT (Not in Strategy)
15-June-2026,Jyoti Budhiya 15M Breakout,15-June-2026,CGCL,212.62,220.67,OUT (Not in Strategy)
15-June-2026,Codex Milega Hilega Weekly,15-June-2026,AARTIIND,501.3,486.6,OUT (Not in Strategy)
15-June-2026,Codex Milega Hilega Weekly,16-June-2026,ARVSMART,623.05,612.35,IN (in strategy still)
15-June-2026,Jyoti Budhiya 15M Breakout,16-June-2026,RRKABEL,2258.3,2311.1,OUT (Not in Strategy)
15-June-2026,Jyoti Budhiya 15M Breakout,16-June-2026,LALPATHLAB,1771.5,1626.1,OUT (Not in Strategy)
15-June-2026,Codex Milega Hilega Weekly,17-June-2026,PANSARI,332,295.3,OUT (Not in Strategy)
15-June-2026,Jyoti Budhiya 15M Breakout,17-June-2026,YESBANK,25.32,25.38,OUT (Not in Strategy)
15-June-2026,Codex Milega Hilega Weekly,17-June-2026,LIQUID,1000,1000,IN (in strategy still)
15-June-2026,Jyoti Budhiya 15M Breakout,17-June-2026,POLYCAB,9936.5,10043.5,OUT (Not in Strategy)
15-June-2026,Codex Milega Hilega Weekly,17-June-2026,ORTEL,1.68,1.54,OUT (Not in Strategy)
15-June-2026,Jyoti Budhiya 15M Breakout,17-June-2026,NUVAMA,1705.8,1726.0,OUT (Not in Strategy)
15-June-2026,Codex Milega Hilega Weekly,17-June-2026,EIFFL,298.57,345,IN (in strategy still)
15-June-2026,Codex Milega Hilega Weekly,17-June-2026,FUSION,181.52,179.61,OUT (Not in Strategy)
15-June-2026,Jyoti Budhiya 15M Breakout,17-June-2026,AEGISLOG,1012,1007.85,OUT (Not in Strategy)
15-June-2026,Codex Milega Hilega Weekly,17-June-2026,OBEROIRLTY,1684.4,1688.5,IN (in strategy still)
15-June-2026,Jyoti Budhiya 15M Breakout,17-June-2026,IFCI,94.6,85.13,OUT (Not in Strategy)
15-June-2026,Codex Milega Hilega Weekly,17-June-2026,EMIL,119.05,120.9,IN (in strategy still)
15-June-2026,Codex Milega Hilega Weekly,17-June-2026,EDELWEISS,120.1,124.54,IN (in strategy still)
15-June-2026,Jyoti Budhiya 15M Breakout,18-June-2026,CARBORUNIV,1251.7,1272.4,OUT (Not in Strategy)
15-June-2026,Codex Milega Hilega Weekly,18-June-2026,NIACL,184.24,200.9,IN (in strategy still)
15-June-2026,Codex Milega Hilega Weekly,18-June-2026,VISACHROME,44,42.5,OUT (Not in Strategy)
15-June-2026,Jyoti Budhiya 15M Breakout,18-June-2026,J&KBANK,166.7,162.7,OUT (Not in Strategy)
15-June-2026,Codex Milega Hilega Weekly,18-June-2026,SUYOG,815.5,816,IN (in strategy still)
15-June-2026,Jyoti Budhiya 15M Breakout,18-June-2026,NYKAA,295.55,302.0,OUT (Not in Strategy)
15-June-2026,Codex Milega Hilega Weekly,18-June-2026,DYCL,361.9,367,IN (in strategy still)
15-June-2026,Codex Milega Hilega Weekly,18-June-2026,GNA,436.9,412,IN (in strategy still)
15-June-2026,Codex Milega Hilega Weekly,18-June-2026,DMART,4303.5,4297.6,IN (in strategy still)
15-June-2026,Codex Milega Hilega Weekly,19-June-2026,AMBER,8080,8010,OUT (Not in Strategy)
15-June-2026,Jyoti Budhiya 15M Breakout,19-June-2026,CRAFTSMAN,9784,9869.5,OUT (Not in Strategy)
15-June-2026,Jyoti Budhiya 15M Breakout,19-June-2026,PIDILITIND,1593.8,1593.8,OUT (Not in Strategy)
15-June-2026,Codex Milega Hilega Weekly,19-June-2026,MORARJEE,9.55,9.55,IN (in strategy still)
15-June-2026,Jyoti Budhiya 15M Breakout,19-June-2026,CAPLIPOINT,2454.7,2528,IN (in strategy still)
15-June-2026,Codex Milega Hilega Weekly,19-June-2026,GOKEX,815.3,817.5,IN (in strategy still)
15-June-2026,Codex Milega Hilega Weekly,19-June-2026,MACPOWER,1157.8,1174,IN (in strategy still)
15-June-2026,Codex Milega Hilega Weekly,19-June-2026,SMLMAH,4062.4,4104,IN (in strategy still)
15-June-2026,Jyoti Budhiya 15M Breakout,19-June-2026,FEDERALBNK,324.55,324.55,OUT (Not in Strategy)
15-June-2026,Codex Milega Hilega Weekly,19-June-2026,AADHARHFC,512.8,521,IN (in strategy still)
15-June-2026,Codex Milega Hilega Weekly,19-June-2026,ECAPINSURE,24.71,24.75,IN (in strategy still)
15-June-2026,Codex Milega Hilega Weekly,19-June-2026,VHLTD,143.75,143.75,IN (in strategy still)
15-June-2026,Codex Milega Hilega Weekly,19-June-2026,SPLPETRO,749.45,749.45,IN (in strategy still)
22-June-2026,Jyoti Budhiya 15M Breakout,22-June-2026,CAPLIPOINT,2503.5,2503.2,OUT (Not in Strategy)
22-June-2026,Codex Milega Hilega Weekly,22-June-2026,AADHARHFC,515.1,517.9,OUT (Not in Strategy)
22-June-2026,Codex Milega Hilega Weekly,22-June-2026,EDELWEISS,124.71,122.3,OUT (Not in Strategy)
22-June-2026,Codex Milega Hilega Weekly,22-June-2026,DYCL,366.75,373.5,OUT (Not in Strategy)
22-June-2026,Codex Milega Hilega Weekly,22-June-2026,EMIL,120.86,118.62,OUT (Not in Strategy)
22-June-2026,Codex Milega Hilega Weekly,22-June-2026,SPLPETRO,750.25,744.55,OUT (Not in Strategy)
22-June-2026,Codex Milega Hilega Weekly,22-June-2026,NIACL,202.31,184.18,OUT (Not in Strategy)
22-June-2026,Codex Milega Hilega Weekly,22-June-2026,OBEROIRLTY,1683.5,1760.0,OUT (Not in Strategy)
22-June-2026,Codex Milega Hilega Weekly,22-June-2026,GNA,413.15,435.0,OUT (Not in Strategy)
22-June-2026,Codex Milega Hilega Weekly,22-June-2026,SUYOG,813.05,812.0,OUT (Not in Strategy)
22-June-2026,Codex Milega Hilega Weekly,22-June-2026,EIFFL,347.24,334.0,OUT (Not in Strategy)
22-June-2026,Codex Milega Hilega Weekly,22-June-2026,ARVSMART,610.7,606.0,OUT (Not in Strategy)
22-June-2026,Codex Milega Hilega Weekly,22-June-2026,MORARJEE,9.55,8.83,OUT (Not in Strategy)
22-June-2026,Codex Milega Hilega Weekly,22-June-2026,VHLTD,141.07,131.24,OUT (Not in Strategy)
22-June-2026,Codex Milega Hilega Weekly,22-June-2026,SMLMAH,4092.2,4069.0,OUT (Not in Strategy)
22-June-2026,Codex Milega Hilega Weekly,22-June-2026,ECAPINSURE,24.69,24.28,OUT (Not in Strategy)
22-June-2026,Codex Milega Hilega Weekly,22-June-2026,MACPOWER,1182.05,1150.1,OUT (Not in Strategy)
22-June-2026,Codex Milega Hilega Weekly,22-June-2026,GOKEX,818.7,856.0,OUT (Not in Strategy)
22-June-2026,Jyoti Budhiya 15M Breakout,22-June-2026,NYKAA,305.85,301.0,OUT (Not in Strategy)
22-June-2026,Jyoti Budhiya 15M Breakout,22-June-2026,NIACL,212.18,184.18,OUT (Not in Strategy)
22-June-2026,Jyoti Budhiya 15M Breakout,22-June-2026,AEGISLOG,1043.6,1137.0,OUT (Not in Strategy)
22-June-2026,Jyoti Budhiya 15M Breakout,22-June-2026,KIRLOSENG,2348.6,2475.0,OUT (Not in Strategy)
22-June-2026,Jyoti Budhiya 15M Breakout,22-June-2026,THELEELA,506.65,482.8,OUT (Not in Strategy)
22-June-2026,Codex Milega Hilega Weekly,22-June-2026,NOCIL,189.32,181.86,IN (in strategy still)
22-June-2026,Codex Milega Hilega Weekly,22-June-2026,VISACHROME,43.55,41.69,OUT (Not in Strategy)
22-June-2026,Codex Milega Hilega Weekly,22-June-2026,IONEXCHANG,393.25,398.65,IN (in strategy still)
22-June-2026,Jyoti Budhiya 15M Breakout,23-June-2026,ADANIENT,3084.7,3040.3,OUT (Not in Strategy)
22-June-2026,Jyoti Budhiya 15M Breakout,23-June-2026,SYRMA,1382,1436.0,OUT (Not in Strategy)
22-June-2026,Jyoti Budhiya 15M Breakout,23-June-2026,RRKABEL,2403.8,2489.9,OUT (Not in Strategy)
22-June-2026,Jyoti Budhiya 15M Breakout,23-June-2026,APARINDS,16616,16061.0,OUT (Not in Strategy)
22-June-2026,Jyoti Budhiya 15M Breakout,24-June-2026,WELSPUNLIV,167.35,167.01,OUT (Not in Strategy)
22-June-2026,Jyoti Budhiya 15M Breakout,24-June-2026,LAURUSLABS,1490.2,1453.1,OUT (Not in Strategy)
22-June-2026,Jyoti Budhiya 15M Breakout,24-June-2026,KPRMILL,1274.9,1199.8,OUT (Not in Strategy)
22-June-2026,Codex Milega Hilega Weekly,24-June-2026,LIQUID,1000,999.99,OUT (Not in Strategy)
22-June-2026,Jyoti Budhiya 15M Breakout,25-June-2026,MINDACORP,682.2,670.85,OUT (Not in Strategy)
22-June-2026,Jyoti Budhiya 15M Breakout,25-June-2026,PIDILITIND,1619.2,1595.8,OUT (Not in Strategy)
22-June-2026,Jyoti Budhiya 15M Breakout,25-June-2026,APOLLOHOSP,8680,8585.0,OUT (Not in Strategy)
22-June-2026,Jyoti Budhiya 15M Breakout,25-June-2026,RADICO,3828,3827.5,OUT (Not in Strategy)
29-June-2026,Codex Milega Hilega Weekly,29-June-2026,IONEXCHANG,398.65,417.95,OUT (Not in Strategy)
29-June-2026,Codex Milega Hilega Weekly,29-June-2026,NOCIL,181.86,183.83,OUT (Not in Strategy)
29-June-2026,Jyoti Budhiya 15M Breakout,29-June-2026,AUROPHARMA,1584,1631.7,OUT (Not in Strategy)
29-June-2026,Codex Milega Hilega Weekly,29-June-2026,OMAXE,88.76,79.99,IN (in strategy still)
29-June-2026,Jyoti Budhiya 15M Breakout,29-June-2026,ACMESOLAR,371.25,382.4,OUT (Not in Strategy)
29-June-2026,Jyoti Budhiya 15M Breakout,29-June-2026,AJANTPHARM,3402.6,3324.9,OUT (Not in Strategy)
29-June-2026,Jyoti Budhiya 15M Breakout,29-June-2026,MAHABANK,92.86,88.74,OUT (Not in Strategy)
29-June-2026,Jyoti Budhiya 15M Breakout,29-June-2026,LAURUSLABS,1497.3,1541.8,OUT (Not in Strategy)
29-June-2026,Codex Milega Hilega Weekly,30-June-2026,UMESLTD,5.82,5.99,IN (in strategy still)
29-June-2026,Jyoti Budhiya 15M Breakout,30-June-2026,CAPLIPOINT,2639.9,2550.0,OUT (Not in Strategy)
29-June-2026,Jyoti Budhiya 15M Breakout,30-June-2026,GMRAIRPORT,112.49,112.73,OUT (Not in Strategy)
29-June-2026,Jyoti Budhiya 15M Breakout,30-June-2026,GLAND,2437,2460.0,OUT (Not in Strategy)
29-June-2026,Jyoti Budhiya 15M Breakout,30-June-2026,CGCL,226.28,232.5,OUT (Not in Strategy)
29-June-2026,Jyoti Budhiya 15M Breakout,30-June-2026,NUVAMA,1813,1899.7,OUT (Not in Strategy)
29-June-2026,Jyoti Budhiya 15M Breakout,30-June-2026,RADICO,3958.4,3891.0,OUT (Not in Strategy)
29-June-2026,Codex Milega Hilega Weekly,30-June-2026,SIGNPOST,285.25,300,IN (in strategy still)
29-June-2026,Codex Milega Hilega Weekly,30-June-2026,SMSPHARMA,426.85,424,IN (in strategy still)
29-June-2026,Codex Milega Hilega Weekly,30-June-2026,LIQUID,1000,1000,OUT (Not in Strategy)
29-June-2026,Jyoti Budhiya 15M Breakout,01-July-2026,ATHERENERG,1171.6,1131.7,OUT (Not in Strategy)
29-June-2026,Codex Milega Hilega Weekly,01-July-2026,HALEOSLABS,1661,1655,IN (in strategy still)
29-June-2026,Codex Milega Hilega Weekly,01-July-2026,PANSARI,317.95,315,IN (in strategy still)
29-June-2026,Jyoti Budhiya 15M Breakout,01-July-2026,AEGISLOG,1199.7,1322.0,OUT (Not in Strategy)
29-June-2026,Jyoti Budhiya 15M Breakout,01-July-2026,HONASA,470.9,461.65,OUT (Not in Strategy)
29-June-2026,Codex Milega Hilega Weekly,01-July-2026,UYFINCORP,14.55,15.45,IN (in strategy still)
29-June-2026,Jyoti Budhiya 15M Breakout,01-July-2026,DELHIVERY,509.2,507.9,OUT (Not in Strategy)
29-June-2026,Jyoti Budhiya 15M Breakout,02-July-2026,CEMPRO,1431.4,1431.4,OUT (Not in Strategy)
29-June-2026,Codex Milega Hilega Weekly,02-July-2026,INDIAGLYCO,1040.35,1080,IN (in strategy still)
29-June-2026,Codex Milega Hilega Weekly,02-July-2026,NELCAST,147.5,144.1,OUT (Not in Strategy)
29-June-2026,Codex Milega Hilega Weekly,02-July-2026,PICCADIL,618,646.5,IN (in strategy still)
29-June-2026,Codex Milega Hilega Weekly,02-July-2026,ANUHPHR,81.31,82.08,OUT (Not in Strategy)
29-June-2026,Codex Milega Hilega Weekly,02-July-2026,HCG,645.1,655.95,IN (in strategy still)
29-June-2026,Jyoti Budhiya 15M Breakout,03-July-2026,BOSCHLTD,41875,42250,OUT (Not in Strategy)
29-June-2026,Jyoti Budhiya 15M Breakout,03-July-2026,APOLLOHOSP,8770,8893.5,OUT (Not in Strategy)
29-June-2026,Jyoti Budhiya 15M Breakout,03-July-2026,CREDITACC,1562.2,1586.6,OUT (Not in Strategy)
29-June-2026,Jyoti Budhiya 15M Breakout,03-July-2026,NYKAA,316.25,315.9,OUT (Not in Strategy)
29-June-2026,Codex Milega Hilega Weekly,03-July-2026,KOTHARIPET,138.54,133.5,OUT (Not in Strategy)
29-June-2026,Jyoti Budhiya 15M Breakout,03-July-2026,JBCHEPHARM,2354.4,2366.9,OUT (Not in Strategy)
29-June-2026,Codex Milega Hilega Weekly,03-July-2026,SUMICHEM,476.05,501,IN (in strategy still)
29-June-2026,Jyoti Budhiya 15M Breakout,03-July-2026,TORNTPHARM,4762.2,4769,OUT (Not in Strategy)
29-June-2026,Jyoti Budhiya 15M Breakout,03-July-2026,SUNPHARMA,1914.5,1923.8,OUT (Not in Strategy)
29-June-2026,Jyoti Budhiya 15M Breakout,03-July-2026,KIMS,853.85,854.85,OUT (Not in Strategy)
29-June-2026,Codex Milega Hilega Weekly,03-July-2026,MASFIN,322.9,320.75,IN (in strategy still)
29-June-2026,Jyoti Budhiya 15M Breakout,03-July-2026,IKS,1880.8,1880.8,OUT (Not in Strategy)
29-June-2026,Jyoti Budhiya 15M Breakout,03-July-2026,ANANDRATHI,2035,2067,OUT (Not in Strategy)
29-June-2026,Codex Milega Hilega Weekly,03-July-2026,ASIANHOTNR,328,328,OUT (Not in Strategy)
29-June-2026,Codex Milega Hilega Weekly,03-July-2026,KAUSHALYA,1025,1025,IN (in strategy still)
06-July-2026,Codex Milega Hilega Weekly,06-July-2026,HALEOSLABS,1656.8,1624.9,OUT (Not in Strategy)
06-July-2026,Codex Milega Hilega Weekly,06-July-2026,HCG,654.8,666.7,OUT (Not in Strategy)
06-July-2026,Codex Milega Hilega Weekly,06-July-2026,INDIAGLYCO,1075.75,1068.25,OUT (Not in Strategy)
06-July-2026,Codex Milega Hilega Weekly,06-July-2026,UMESLTD,6.04,5.84,OUT (Not in Strategy)
06-July-2026,Codex Milega Hilega Weekly,06-July-2026,SMSPHARMA,421.45,403.0,OUT (Not in Strategy)
06-July-2026,Codex Milega Hilega Weekly,06-July-2026,KAUSHALYA,1006.85,1034.45,OUT (Not in Strategy)
06-July-2026,Codex Milega Hilega Weekly,06-July-2026,SUMICHEM,502.3,513.65,OUT (Not in Strategy)
06-July-2026,Codex Milega Hilega Weekly,06-July-2026,OMAXE,79.5,90.71,OUT (Not in Strategy)
06-July-2026,Codex Milega Hilega Weekly,06-July-2026,MASFIN,322.05,322.75,OUT (Not in Strategy)
06-July-2026,Codex Milega Hilega Weekly,06-July-2026,PANSARI,313.5,368.2,OUT (Not in Strategy)
06-July-2026,Codex Milega Hilega Weekly,06-July-2026,SIGNPOST,299.7,318.75,OUT (Not in Strategy)
06-July-2026,Codex Milega Hilega Weekly,06-July-2026,PICCADIL,647.35,671.7,OUT (Not in Strategy)
06-July-2026,Codex Milega Hilega Weekly,06-July-2026,UYFINCORP,15.4,16.4,OUT (Not in Strategy)
06-July-2026,Jyoti Budhiya 15M Breakout,06-July-2026,CGCL,237.2,260.61,OUT (Not in Strategy)
06-July-2026,Jyoti Budhiya 15M Breakout,06-July-2026,LUPIN,2488,2497.8,OUT (Not in Strategy)
06-July-2026,Jyoti Budhiya 15M Breakout,06-July-2026,CEMPRO,1520.5,1557.4,OUT (Not in Strategy)
06-July-2026,Jyoti Budhiya 15M Breakout,06-July-2026,HONASA,475.95,473.9,OUT (Not in Strategy)
06-July-2026,Jyoti Budhiya 15M Breakout,06-July-2026,CHOLAFIN,1839.1,1807.6,OUT (Not in Strategy)
06-July-2026,Jyoti Budhiya 15M Breakout,06-July-2026,CUB,222.44,229.65,OUT (Not in Strategy)
06-July-2026,Jyoti Budhiya 15M Breakout,06-July-2026,JBCHEPHARM,2390.4,2436.0,OUT (Not in Strategy)
06-July-2026,Jyoti Budhiya 15M Breakout,07-July-2026,LTF,337.9,322.0,OUT (Not in Strategy)
06-July-2026,Jyoti Budhiya 15M Breakout,07-July-2026,GRANULES,872.45,889.4,OUT (Not in Strategy)
06-July-2026,Jyoti Budhiya 15M Breakout,07-July-2026,ZYDUSLIFE,1165.3,1149.8,OUT (Not in Strategy)
06-July-2026,Codex Milega Hilega Weekly,07-July-2026,LIQUID,1000,1000,OUT (Not in Strategy)
06-July-2026,Jyoti Budhiya 15M Breakout,07-July-2026,GMRAIRPORT,115.4,112.53,OUT (Not in Strategy)
06-July-2026,Jyoti Budhiya 15M Breakout,08-July-2026,ADANIENSOL,1684.5,1655.3,OUT (Not in Strategy)
06-July-2026,Codex Milega Hilega Weekly,08-July-2026,SENCO,336.25,362.6,IN (in strategy still)
06-July-2026,Jyoti Budhiya 15M Breakout,08-July-2026,NYKAA,325.3,330.3,OUT (Not in Strategy)
06-July-2026,Codex Milega Hilega Weekly,08-July-2026,JINDRILL,614.1,604,IN (in strategy still)
06-July-2026,Jyoti Budhiya 15M Breakout,09-July-2026,SUNPHARMA,1951,1933.3,OUT (Not in Strategy)
06-July-2026,Jyoti Budhiya 15M Breakout,10-July-2026,J&KBANK,174.52,191,IN (in strategy still)
06-July-2026,Codex Milega Hilega Weekly,10-July-2026,MOMENTUM,31.07,31.07,OUT (Not in Strategy)
06-July-2026,Codex Milega Hilega Weekly,10-July-2026,SUPERHOUSE,156,156.31,IN (in strategy still)
06-July-2026,Codex Milega Hilega Weekly,10-July-2026,KMSUGAR,28.38,28,IN (in strategy still)
06-July-2026,Codex Milega Hilega Weekly,10-July-2026,JAYAGROGN,225.73,219.2,IN (in strategy still)
13-July-2026,Jyoti Budhiya 15M Breakout,13-July-2026,J&KBANK,192.65,180.72,OUT (Not in Strategy)
13-July-2026,Codex Milega Hilega Weekly,13-July-2026,SUPERHOUSE,157.79,180.0,OUT (Not in Strategy)
13-July-2026,Codex Milega Hilega Weekly,13-July-2026,JINDRILL,603.05,588.7,OUT (Not in Strategy)
13-July-2026,Codex Milega Hilega Weekly,13-July-2026,JAYAGROGN,222.42,219.5,OUT (Not in Strategy)
13-July-2026,Codex Milega Hilega Weekly,13-July-2026,SENCO,362.15,365.0,OUT (Not in Strategy)
13-July-2026,Codex Milega Hilega Weekly,13-July-2026,KMSUGAR,28.07,29.11,OUT (Not in Strategy)
13-July-2026,Jyoti Budhiya 15M Breakout,13-July-2026,JSWINFRA,349.25,342.1,OUT (Not in Strategy)
13-July-2026,Codex Milega Hilega Weekly,13-July-2026,TAINWALCHM,217.29,216.78,IN (in strategy still)
13-July-2026,Jyoti Budhiya 15M Breakout,13-July-2026,PAYTM,1389.2,1352.9,OUT (Not in Strategy)
13-July-2026,Codex Milega Hilega Weekly,13-July-2026,LOTUSEYE,123.99,123.27,OUT (Not in Strategy)
13-July-2026,Jyoti Budhiya 15M Breakout,14-July-2026,WELCORP,1653.2,1585.6,OUT (Not in Strategy)
13-July-2026,Codex Milega Hilega Weekly,14-July-2026,HGS,470.05,431.5,OUT (Not in Strategy)
13-July-2026,Codex Milega Hilega Weekly,14-July-2026,BALPHARMA,88.5,86.97,IN (in strategy still)
13-July-2026,Jyoti Budhiya 15M Breakout,15-July-2026,ATHERENERG,1278.2,1281.5,OUT (Not in Strategy)
13-July-2026,Jyoti Budhiya 15M Breakout,15-July-2026,DIVISLAB,7302.5,7212.0,OUT (Not in Strategy)
13-July-2026,Jyoti Budhiya 15M Breakout,15-July-2026,APOLLOHOSP,8986,8827.5,OUT (Not in Strategy)
13-July-2026,Codex Milega Hilega Weekly,15-July-2026,APOLSINHOT,1300,1279,OUT (Not in Strategy)
13-July-2026,Codex Milega Hilega Weekly,15-July-2026,KSOLVES,325.5,298.7,OUT (Not in Strategy)
13-July-2026,Jyoti Budhiya 15M Breakout,16-July-2026,IPCALAB,1887.6,1854.5,OUT (Not in Strategy)
13-July-2026,Codex Milega Hilega Weekly,16-July-2026,BANSWRAS,133,134,IN (in strategy still)
13-July-2026,Codex Milega Hilega Weekly,16-July-2026,MUKANDLTD,142.63,144,IN (in strategy still)
13-July-2026,Jyoti Budhiya 15M Breakout,16-July-2026,ABB,7729,7536.5,OUT (Not in Strategy)
13-July-2026,Codex Milega Hilega Weekly,16-July-2026,LIQUID,1000,1000,OUT (Not in Strategy)
13-July-2026,Codex Milega Hilega Weekly,16-July-2026,GANESHBE,108.7,104.96,OUT (Not in Strategy)
13-July-2026,Codex Milega Hilega Weekly,16-July-2026,RACLGEAR,1353.3,1346,IN (in strategy still)
13-July-2026,Jyoti Budhiya 15M Breakout,16-July-2026,ADANIENSOL,1741.8,1727.6,OUT (Not in Strategy)
13-July-2026,Codex Milega Hilega Weekly,16-July-2026,HEG,614,608.45,OUT (Not in Strategy)
13-July-2026,Codex Milega Hilega Weekly,17-July-2026,VINEETLAB,38.5,37.38,IN (in strategy still)
13-July-2026,Codex Milega Hilega Weekly,17-July-2026,SCHAEFFLER,4180.8,4162.9,OUT (Not in Strategy)
13-July-2026,Codex Milega Hilega Weekly,17-July-2026,ZEEL,106.7,106.7,IN (in strategy still)
20-July-2026,Codex Milega Hilega Weekly,20-July-2026,VINEETLAB,36.98,38.6,OUT (Not in Strategy)
20-July-2026,Codex Milega Hilega Weekly,20-July-2026,MUKANDLTD,145.69,138.4,OUT (Not in Strategy)
20-July-2026,Codex Milega Hilega Weekly,20-July-2026,BALPHARMA,86.97,87.25,OUT (Not in Strategy)
20-July-2026,Codex Milega Hilega Weekly,20-July-2026,TAINWALCHM,215.64,200.01,OUT (Not in Strategy)
20-July-2026,Codex Milega Hilega Weekly,20-July-2026,ZEEL,107.4,104.79,OUT (Not in Strategy)
20-July-2026,Codex Milega Hilega Weekly,20-July-2026,RACLGEAR,1341.1,1317.8,OUT (Not in Strategy)
20-July-2026,Jyoti Budhiya 15M Breakout,20-July-2026,HSCL,762.55,786.15,OUT (Not in Strategy)
20-July-2026,Jyoti Budhiya 15M Breakout,20-July-2026,SONACOMS,713.4,720.55,OUT (Not in Strategy)
20-July-2026,Jyoti Budhiya 15M Breakout,20-July-2026,EXIDEIND,441,447.45,OUT (Not in Strategy)
20-July-2026,Jyoti Budhiya 15M Breakout,20-July-2026,AEGISLOG,1413,1352.5,OUT (Not in Strategy)
20-July-2026,Jyoti Budhiya 15M Breakout,20-July-2026,DIVISLAB,7418.5,7242.0,OUT (Not in Strategy)
20-July-2026,Jyoti Budhiya 15M Breakout,20-July-2026,FEDERALBNK,351.55,353.85,OUT (Not in Strategy)
20-July-2026,Jyoti Budhiya 15M Breakout,21-July-2026,FLUOROCHEM,4377.1,4558.1,OUT (Not in Strategy)
20-July-2026,Codex Milega Hilega Weekly,21-July-2026,NELCAST,146.51,134.84,OUT (Not in Strategy)
20-July-2026,Codex Milega Hilega Weekly,21-July-2026,HECPROJECT,132.88,142.99,IN (in strategy still)
20-July-2026,Codex Milega Hilega Weekly,21-July-2026,SOUTHWEST,250.92,233.24,OUT (Not in Strategy)
20-July-2026,Jyoti Budhiya 15M Breakout,21-July-2026,AJANTPHARM,3548.8,3368.4,OUT (Not in Strategy)
20-July-2026,Jyoti Budhiya 15M Breakout,21-July-2026,GABRIEL,1480,1362.7,OUT (Not in Strategy)
20-July-2026,Jyoti Budhiya 15M Breakout,22-July-2026,NYKAA,333.8,322.8,OUT (Not in Strategy)
20-July-2026,Jyoti Budhiya 15M Breakout,22-July-2026,TITAN,4705,4682.2,OUT (Not in Strategy)
20-July-2026,Codex Milega Hilega Weekly,22-July-2026,SPLPETRO,731.4,743,IN (in strategy still)
20-July-2026,Codex Milega Hilega Weekly,22-July-2026,NAHARPOLY,264.4,277.9,IN (in strategy still)
20-July-2026,Codex Milega Hilega Weekly,22-July-2026,GULPOLY,208.46,195.24,OUT (Not in Strategy)
20-July-2026,Codex Milega Hilega Weekly,22-July-2026,LOTUSDEV,158.49,180.26,IN (in strategy still)
20-July-2026,Jyoti Budhiya 15M Breakout,22-July-2026,BAJAJ-AUTO,10964,11144.0,OUT (Not in Strategy)
20-July-2026,Codex Milega Hilega Weekly,23-July-2026,ASIANHOTNR,319.25,313,OUT (Not in Strategy)
20-July-2026,Codex Milega Hilega Weekly,23-July-2026,JSWSTEEL,1271.5,1241.7,OUT (Not in Strategy)
20-July-2026,Codex Milega Hilega Weekly,23-July-2026,ORIENTELEC,191.93,171.58,OUT (Not in Strategy)
20-July-2026,Jyoti Budhiya 15M Breakout,23-July-2026,TVSMOTOR,3968,3875.7,OUT (Not in Strategy)
20-July-2026,Codex Milega Hilega Weekly,23-July-2026,AMDIND,50.4,48.95,IN (in strategy still)
20-July-2026,Codex Milega Hilega Weekly,23-July-2026,NRAIL,470.5,516,IN (in strategy still)
20-July-2026,Codex Milega Hilega Weekly,24-July-2026,DCI,288.85,287.25,IN (in strategy still)
27-July-2026,Codex Milega Hilega Weekly,27-July-2026,HECPROJECT,139.46,131.53,OUT (Not in Strategy)
27-July-2026,Codex Milega Hilega Weekly,27-July-2026,LOTUSDEV,180.39,200.12,OUT (Not in Strategy)
27-July-2026,Codex Milega Hilega Weekly,27-July-2026,SPLPETRO,741.6,713.15,OUT (Not in Strategy)
27-July-2026,Codex Milega Hilega Weekly,27-July-2026,NRAIL,508.95,473.4,OUT (Not in Strategy)
27-July-2026,Codex Milega Hilega Weekly,27-July-2026,NAHARPOLY,273.8,268.65,OUT (Not in Strategy)
27-July-2026,Codex Milega Hilega Weekly,27-July-2026,AMDIND,49.68,46.43,OUT (Not in Strategy)
27-July-2026,Codex Milega Hilega Weekly,27-July-2026,DCI,287.85,329.7,OUT (Not in Strategy)
27-July-2026,Jyoti Budhiya 15M Breakout,27-July-2026,IDFCFIRSTB,87.53,84.86,OUT (Not in Strategy)
27-July-2026,Jyoti Budhiya 15M Breakout,27-July-2026,LALPATHLAB,1881.8,1904.7,OUT (Not in Strategy)
27-July-2026,Jyoti Budhiya 15M Breakout,27-July-2026,LAURUSLABS,1660.6,1825,OUT (Not in Strategy)
27-July-2026,Jyoti Budhiya 15M Breakout,27-July-2026,UNITDSPR,1496.2,1516.4,OUT (Not in Strategy)
27-July-2026,Codex Milega Hilega Weekly,27-July-2026,PYRAMID,185.99,182.3,IN (in strategy still)
27-July-2026,Codex Milega Hilega Weekly,27-July-2026,SURANASOL,28.54,26.04,OUT (Not in Strategy)
27-July-2026,Codex Milega Hilega Weekly,27-July-2026,SHANTIGOLD,222.56,217.6,IN (in strategy still)
27-July-2026,Codex Milega Hilega Weekly,27-July-2026,ATUL,6804.5,6778,OUT (Not in Strategy)
27-July-2026,Jyoti Budhiya 15M Breakout,28-July-2026,TITAN,4752,4877.3,OUT (Not in Strategy)
27-July-2026,Codex Milega Hilega Weekly,28-July-2026,UGARSUGAR,42.62,40.8,IN (in strategy still)
27-July-2026,Jyoti Budhiya 15M Breakout,28-July-2026,TVSMOTOR,3978.1,4314.5,OUT (Not in Strategy)
27-July-2026,Jyoti Budhiya 15M Breakout,28-July-2026,BAJAJ-AUTO,11340,11507.0,OUT (Not in Strategy)
27-July-2026,Jyoti Budhiya 15M Breakout,29-July-2026,KALYANKJIL,616.85,613.5,OUT (Not in Strategy)
27-July-2026,Jyoti Budhiya 15M Breakout,29-July-2026,MANAPPURAM,367.3,371.95,OUT (Not in Strategy)
27-July-2026,Codex Milega Hilega Weekly,29-July-2026,TI,468.45,465.5,IN (in strategy still)
27-July-2026,Codex Milega Hilega Weekly,29-July-2026,GAEL,166.5,171,IN (in strategy still)
27-July-2026,Jyoti Budhiya 15M Breakout,29-July-2026,DIVISLAB,7621.5,8031,OUT (Not in Strategy)
27-July-2026,Jyoti Budhiya 15M Breakout,29-July-2026,LLOYDSME,2054.5,2047.5,OUT (Not in Strategy)
27-July-2026,Codex Milega Hilega Weekly,29-July-2026,SMLMAH,4566,5685,IN (in strategy still)
27-July-2026,Codex Milega Hilega Weekly,29-July-2026,MAHASTEEL,906.9,962.2,IN (in strategy still)
27-July-2026,Codex Milega Hilega Weekly,29-July-2026,MASFIN,326.7,319,IN (in strategy still)
27-July-2026,Jyoti Budhiya 15M Breakout,30-July-2026,REDINGTON,326.5,321.25,OUT (Not in Strategy)
27-July-2026,Jyoti Budhiya 15M Breakout,30-July-2026,SUNPHARMA,2008.1,1990.3,OUT (Not in Strategy)
27-July-2026,Jyoti Budhiya 15M Breakout,30-July-2026,SONACOMS,742.1,763.75,OUT (Not in Strategy)
27-July-2026,Codex Milega Hilega Weekly,30-July-2026,PRIMO,25.1,25.08,IN (in strategy still)
27-July-2026,Codex Milega Hilega Weekly,30-July-2026,MGL,1159.2,1153.8,OUT (Not in Strategy)
27-July-2026,Codex Milega Hilega Weekly,31-July-2026,GATECH,0.68,0.69,IN (in strategy still)
27-July-2026,Codex Milega Hilega Weekly,31-July-2026,SBIETFPB,283.19,283.19,OUT (Not in Strategy)
27-July-2026,Codex Milega Hilega Weekly,31-July-2026,INDGN,530.2,517.2,OUT (Not in Strategy)
27-July-2026,Codex Milega Hilega Weekly,31-July-2026,AUBANK,1046.7,1046,IN (in strategy still)
27-July-2026,Codex Milega Hilega Weekly,31-July-2026,ATULAUTO,516.7,512.2,IN (in strategy still)
27-July-2026,Codex Milega Hilega Weekly,31-July-2026,DYNPRO,263.3,264.01,OUT (Not in Strategy)
27-July-2026,Codex Milega Hilega Weekly,31-July-2026,VOLTAMP,10292,10220,OUT (Not in Strategy)
03-August-2026,Codex Milega Hilega Weekly,03-August-2026,DYNPRO,263.12,260.0,OUT (Not in Strategy)
03-August-2026,Codex Milega Hilega Weekly,03-August-2026,ATULAUTO,515.45,577.8,OUT (Not in Strategy)
03-August-2026,Codex Milega Hilega Weekly,03-August-2026,GAEL,172.11,169.46,OUT (Not in Strategy)
03-August-2026,Codex Milega Hilega Weekly,03-August-2026,AUBANK,1047.3,1068.5,OUT (Not in Strategy)
03-August-2026,Codex Milega Hilega Weekly,03-August-2026,SMLMAH,5685.6,5559.0,OUT (Not in Strategy)
03-August-2026,Codex Milega Hilega Weekly,03-August-2026,INDGN,515.15,553.4,OUT (Not in Strategy)
03-August-2026,Codex Milega Hilega Weekly,03-August-2026,TI,465.15,485.8,OUT (Not in Strategy)
03-August-2026,Codex Milega Hilega Weekly,03-August-2026,MASFIN,319.8,302.2,OUT (Not in Strategy)
03-August-2026,Codex Milega Hilega Weekly,03-August-2026,PRIMO,25.24,24.16,OUT (Not in Strategy)
03-August-2026,Codex Milega Hilega Weekly,03-August-2026,GATECH,0.69,0.67,OUT (Not in Strategy)
03-August-2026,Codex Milega Hilega Weekly,03-August-2026,SHANTIGOLD,217.41,224.05,OUT (Not in Strategy)
03-August-2026,Codex Milega Hilega Weekly,03-August-2026,MAHASTEEL,1001.25,1045.9,OUT (Not in Strategy)
03-August-2026,Codex Milega Hilega Weekly,03-August-2026,PYRAMID,181.12,176.5,OUT (Not in Strategy)
03-August-2026,Jyoti Budhiya 15M Breakout,03-August-2026,TVSMOTOR,4338.1,4439.8,OUT (Not in Strategy)
03-August-2026,Jyoti Budhiya 15M Breakout,03-August-2026,REDINGTON,339.05,356.05,OUT (Not in Strategy)
03-August-2026,Jyoti Budhiya 15M Breakout,03-August-2026,PAYTM,1400.9,1446.9,OUT (Not in Strategy)
03-August-2026,Jyoti Budhiya 15M Breakout,03-August-2026,TITAN,4899.3,4949.4,OUT (Not in Strategy)
03-August-2026,Jyoti Budhiya 15M Breakout,03-August-2026,CRAFTSMAN,10340,10724,OUT (Not in Strategy)
03-August-2026,Jyoti Budhiya 15M Breakout,03-August-2026,KARURVYSYA,349.95,335.35,OUT (Not in Strategy)
03-August-2026,Codex Milega Hilega Weekly,03-August-2026,LUMAXIND,5820,5800,IN (in strategy still)
03-August-2026,Codex Milega Hilega Weekly,03-August-2026,KIOCL,398.5,391.4,OUT (Not in Strategy)
03-August-2026,Jyoti Budhiya 15M Breakout,04-August-2026,LALPATHLAB,1938.5,1933.0,OUT (Not in Strategy)
03-August-2026,Jyoti Budhiya 15M Breakout,04-August-2026,RKFORGE,694.5,724.2,OUT (Not in Strategy)
03-August-2026,Jyoti Budhiya 15M Breakout,04-August-2026,SIEMENS,3953.8,3934.8,OUT (Not in Strategy)
03-August-2026,Jyoti Budhiya 15M Breakout,04-August-2026,ATHERENERG,1448.8,1475.5,OUT (Not in Strategy)
03-August-2026,Codex Milega Hilega Weekly,04-August-2026,RBA,77.73,94.92,IN (in strategy still)
03-August-2026,Jyoti Budhiya 15M Breakout,04-August-2026,UNITDSPR,1543.5,1513.1,OUT (Not in Strategy)
03-August-2026,Codex Milega Hilega Weekly,04-August-2026,UTTAMSUGAR,258.5,251,IN (in strategy still)
03-August-2026,Codex Milega Hilega Weekly,04-August-2026,KEI,5339.9,5600,IN (in strategy still)
03-August-2026,Codex Milega Hilega Weekly,04-August-2026,PONNIERODE,329,322.65,OUT (Not in Strategy)
03-August-2026,Codex Milega Hilega Weekly,04-August-2026,DHAMPURSUG,151,150.54,IN (in strategy still)
03-August-2026,Codex Milega Hilega Weekly,04-August-2026,NOCIL,171.77,168.97,OUT (Not in Strategy)
03-August-2026,Codex Milega Hilega Weekly,04-August-2026,GRAPHITE,707,709.95,IN (in strategy still)
03-August-2026,Codex Milega Hilega Weekly,04-August-2026,LIQUID,1000,1000,IN (in strategy still)
03-August-2026,Jyoti Budhiya 15M Breakout,05-August-2026,WELCORP,1769.7,1839.5,OUT (Not in Strategy)
03-August-2026,Codex Milega Hilega Weekly,05-August-2026,PTC,193.11,203.3,IN (in strategy still)
03-August-2026,Jyoti Budhiya 15M Breakout,05-August-2026,EXIDEIND,477.6,489.0,OUT (Not in Strategy)
03-August-2026,Jyoti Budhiya 15M Breakout,05-August-2026,RADICO,4555,4470.0,OUT (Not in Strategy)
03-August-2026,Codex Milega Hilega Weekly,05-August-2026,PRINCEPIPE,283,275.05,OUT (Not in Strategy)
03-August-2026,Codex Milega Hilega Weekly,05-August-2026,DIAMINESQ,272.3,260.1,OUT (Not in Strategy)
03-August-2026,Codex Milega Hilega Weekly,05-August-2026,PRIMESECU,292.6,297,IN (in strategy still)
03-August-2026,Jyoti Budhiya 15M Breakout,05-August-2026,RRKABEL,2765.4,2759.8,OUT (Not in Strategy)
03-August-2026,Codex Milega Hilega Weekly,05-August-2026,CHEVIOT,1221,1165.6,IN (in strategy still)
03-August-2026,Codex Milega Hilega Weekly,05-August-2026,ASIANHOTNR,310.3,312.7,IN (in strategy still)
03-August-2026,Codex Milega Hilega Weekly,05-August-2026,ASAHIINDIA,927.5,898.25,OUT (Not in Strategy)
03-August-2026,Codex Milega Hilega Weekly,05-August-2026,ROLEXRINGS,148.84,156.68,IN (in strategy still)
03-August-2026,Codex Milega Hilega Weekly,06-August-2026,KRITINUT,92.44,90.97,IN (in strategy still)
03-August-2026,Codex Milega Hilega Weekly,06-August-2026,RACLGEAR,1436.9,1482.7,IN (in strategy still)
03-August-2026,Codex Milega Hilega Weekly,06-August-2026,TAINWALCHM,208.76,206,IN (in strategy still)
03-August-2026,Codex Milega Hilega Weekly,06-August-2026,TERASOFT,423.3,408.6,OUT (Not in Strategy)
03-August-2026,Codex Milega Hilega Weekly,06-August-2026,SUDARCOLOR,430.05,422,IN (in strategy still)
03-August-2026,Codex Milega Hilega Weekly,06-August-2026,MAFANG,207.78,206.3,IN (in strategy still)
03-August-2026,Codex Milega Hilega Weekly,06-August-2026,DCMFINSERV,5.56,5.57,OUT (Not in Strategy)
03-August-2026,Codex Milega Hilega Weekly,06-August-2026,VHL,3604.2,3577,IN (in strategy still)
03-August-2026,Codex Milega Hilega Weekly,06-August-2026,MANAKSTEEL,84,84.43,IN (in strategy still)
03-August-2026,Codex Milega Hilega Weekly,06-August-2026,HINDALCO,1027,1059.6,IN (in strategy still)
03-August-2026,Codex Milega Hilega Weekly,07-August-2026,ALBERTDAVD,825,822.85,IN (in strategy still)
03-August-2026,Codex Milega Hilega Weekly,07-August-2026,SANDESH,1270,1212.25,OUT (Not in Strategy)
03-August-2026,Jyoti Budhiya 15M Breakout,07-August-2026,MOTHERSON,161.27,168.5,IN (in strategy still)
03-August-2026,Codex Milega Hilega Weekly,07-August-2026,ENRIN,3632,3648.8,IN (in strategy still)
03-August-2026,Codex Milega Hilega Weekly,07-August-2026,AKSHOPTFBR,6.9,6.9,OUT (Not in Strategy)
03-August-2026,Codex Milega Hilega Weekly,07-August-2026,DCMNVL,166.5,158,IN (in strategy still)
03-August-2026,Codex Milega Hilega Weekly,07-August-2026,FINEORG,5115,5162.1,IN (in strategy still)
03-August-2026,Codex Milega Hilega Weekly,07-August-2026,AAREYDRUGS,82.49,82.65,OUT (Not in Strategy)
03-August-2026,Jyoti Budhiya 15M Breakout,07-August-2026,NEULANDLAB,22440,22915,IN (in strategy still)
03-August-2026,Jyoti Budhiya 15M Breakout,07-August-2026,TATATECH,860.45,873.05,IN (in strategy still)
03-August-2026,Codex Milega Hilega Weekly,07-August-2026,NAHARINDUS,124,128.5,IN (in strategy still)
03-August-2026,Codex Milega Hilega Weekly,07-August-2026,KALYANIFRG,640,638.8,IN (in strategy still)
03-August-2026,Codex Milega Hilega Weekly,07-August-2026,ARVSMART,663.5,650.75,IN (in strategy still)
03-August-2026,Codex Milega Hilega Weekly,07-August-2026,PRECWIRE,412.75,413.8,IN (in strategy still)
03-August-2026,Codex Milega Hilega Weekly,07-August-2026,WINDMACHIN,306.75,306.75,OUT (Not in Strategy)
10-August-2026,Jyoti Budhiya 15M Breakout,10-August-2026,MOTHERSON,168.5,168.94,OUT (Not in Strategy)
10-August-2026,Jyoti Budhiya 15M Breakout,10-August-2026,TATATECH,872.8,866.6,OUT (Not in Strategy)
10-August-2026,Jyoti Budhiya 15M Breakout,10-August-2026,NEULANDLAB,22855,23570,OUT (Not in Strategy)
10-August-2026,Jyoti Budhiya 15M Breakout,10-August-2026,LAURUSLABS,1864.6,1804.0,OUT (Not in Strategy)
10-August-2026,Jyoti Budhiya 15M Breakout,10-August-2026,RKFORGE,735.95,731.5,OUT (Not in Strategy)
10-August-2026,Jyoti Budhiya 15M Breakout,10-August-2026,PAYTM,1478.6,1643,OUT (Not in Strategy)
10-August-2026,Jyoti Budhiya 15M Breakout,10-August-2026,SONACOMS,833.6,795.15,OUT (Not in Strategy)
10-August-2026,Codex Milega Hilega Weekly,10-August-2026,AARTIPHARM,823,851.2,IN (in strategy still)
10-August-2026,Jyoti Budhiya 15M Breakout,10-August-2026,PPLPHARMA,215.1,203.84,OUT (Not in Strategy)
10-August-2026,Jyoti Budhiya 15M Breakout,10-August-2026,MEDANTA,1487.9,1420.4,OUT (Not in Strategy)
10-August-2026,Jyoti Budhiya 15M Breakout,10-August-2026,ASTERDM,888,820.45,OUT (Not in Strategy)
10-August-2026,Codex Milega Hilega Weekly,10-August-2026,SYNCOMF,14.57,14.92,IN (in strategy still)
10-August-2026,Jyoti Budhiya 15M Breakout,11-August-2026,TITAN,5136,5078.8,OUT (Not in Strategy)
10-August-2026,Jyoti Budhiya 15M Breakout,11-August-2026,BOSCHLTD,44980,47260.0,OUT (Not in Strategy)
10-August-2026,Jyoti Budhiya 15M Breakout,11-August-2026,ATHERENERG,1523.8,1509.4,OUT (Not in Strategy)
10-August-2026,Codex Milega Hilega Weekly,11-August-2026,SIMPLEXINF,266.5,253.99,OUT (Not in Strategy)
10-August-2026,Codex Milega Hilega Weekly,11-August-2026,MCX,2895,2911.5,IN (in strategy still)
10-August-2026,Codex Milega Hilega Weekly,12-August-2026,ABMINTLLTD,63.07,62.44,IN (in strategy still)
10-August-2026,Codex Milega Hilega Weekly,12-August-2026,AFSL,219.95,205.8,OUT (Not in Strategy)
10-August-2026,Jyoti Budhiya 15M Breakout,12-August-2026,ANANDRATHI,2195.8,2177.1,OUT (Not in Strategy)
10-August-2026,Jyoti Budhiya 15M Breakout,12-August-2026,APARINDS,17445,16731.0,OUT (Not in Strategy)
10-August-2026,Jyoti Budhiya 15M Breakout,12-August-2026,LALPATHLAB,1980.9,1914.9,OUT (Not in Strategy)
10-August-2026,Codex Milega Hilega Weekly,12-August-2026,ARIES,404.2,413.5,IN (in strategy still)
10-August-2026,Codex Milega Hilega Weekly,12-August-2026,EPL,257,244.6,IN (in strategy still)
10-August-2026,Codex Milega Hilega Weekly,12-August-2026,ESABINDIA,6054,6224,IN (in strategy still)
10-August-2026,Codex Milega Hilega Weekly,12-August-2026,JUBLCPL,2093,2407.5,IN (in strategy still)
10-August-2026,Jyoti Budhiya 15M Breakout,12-August-2026,VIJAYA,1500.4,1473.5,OUT (Not in Strategy)
10-August-2026,Codex Milega Hilega Weekly,13-August-2026,AFIL,10.13,9.78,OUT (Not in Strategy)
10-August-2026,Codex Milega Hilega Weekly,13-August-2026,LIQUID,1000,1000,IN (in strategy still)
10-August-2026,Jyoti Budhiya 15M Breakout,13-August-2026,FLUOROCHEM,4870.9,4748.0,OUT (Not in Strategy)
10-August-2026,Jyoti Budhiya 15M Breakout,13-August-2026,RADICO,4620,4675.2,OUT (Not in Strategy)
10-August-2026,Codex Milega Hilega Weekly,13-August-2026,LINCOLN,626.65,628.8,OUT (Not in Strategy)
10-August-2026,Codex Milega Hilega Weekly,13-August-2026,TVSSRICHAK,4067.4,4478.1,IN (in strategy still)
10-August-2026,Jyoti Budhiya 15M Breakout,13-August-2026,SOLARINDS,19915,20324,OUT (Not in Strategy)
10-August-2026,Jyoti Budhiya 15M Breakout,14-August-2026,GLAND,2981.2,3026.1,OUT (Not in Strategy)
10-August-2026,Jyoti Budhiya 15M Breakout,14-August-2026,NETWEB,5237.7,5237.7,OUT (Not in Strategy)
10-August-2026,Codex Milega Hilega Weekly,14-August-2026,MAXESTATES,437.2,442,IN (in strategy still)
10-August-2026,Codex Milega Hilega Weekly,14-August-2026,APEX,440.7,438.65,OUT (Not in Strategy)
10-August-2026,Codex Milega Hilega Weekly,14-August-2026,NDGL,3045,3009,OUT (Not in Strategy)
10-August-2026,Jyoti Budhiya 15M Breakout,14-August-2026,AJANTPHARM,3685.7,3686.9,IN (in strategy still)
10-August-2026,Codex Milega Hilega Weekly,14-August-2026,UMESLTD,5.8,5.82,IN (in strategy still)
10-August-2026,Codex Milega Hilega Weekly,14-August-2026,JSWDULUX,3166,3167.4,IN (in strategy still)
10-August-2026,Codex Milega Hilega Weekly,14-August-2026,GLOBAL,105,105,IN (in strategy still)
17-August-2026,Jyoti Budhiya 15M Breakout,17-August-2026,BOSCHLTD,47640,-,OUT (Not in Strategy)
17-August-2026,Jyoti Budhiya 15M Breakout,17-August-2026,PTCIL,19920,-,OUT (Not in Strategy)
17-August-2026,Jyoti Budhiya 15M Breakout,17-August-2026,HAL,5134,-,OUT (Not in Strategy)
17-August-2026,Jyoti Budhiya 15M Breakout,17-August-2026,KEI,5873.9,-,OUT (Not in Strategy)
17-August-2026,Jyoti Budhiya 15M Breakout,18-August-2026,WELCORP,1914.4,-,OUT (Not in Strategy)
17-August-2026,Codex Milega Hilega Weekly,18-August-2026,LIQUIDETF,1000.01,1000.01,OUT (Not in Strategy)
17-August-2026,Jyoti Budhiya 15M Breakout,18-August-2026,HEG,730.45,-,OUT (Not in Strategy)
17-August-2026,Jyoti Budhiya 15M Breakout,19-August-2026,ZENTEC,2006.3,-,OUT (Not in Strategy)
17-August-2026,Codex Milega Hilega Weekly,19-August-2026,SAKHTISUG,19,21.13,IN (in strategy still)
17-August-2026,Codex Milega Hilega Weekly,19-August-2026,BAJAJHIND,20.89,23.13,IN (in strategy still)
17-August-2026,Codex Milega Hilega Weekly,19-August-2026,JMA,90.34,91,IN (in strategy still)
17-August-2026,Jyoti Budhiya 15M Breakout,19-August-2026,RRKABEL,2909.4,-,OUT (Not in Strategy)
17-August-2026,Codex Milega Hilega Weekly,20-August-2026,MANGLMCEM,974.2,1036.65,IN (in strategy still)
17-August-2026,Codex Milega Hilega Weekly,20-August-2026,SOLARA,607.05,616.9,IN (in strategy still)
17-August-2026,Codex Milega Hilega Weekly,20-August-2026,MMTC,66.33,65.59,OUT (Not in Strategy)
17-August-2026,Codex Milega Hilega Weekly,20-August-2026,EMSLIMITED,406.8,394.3,OUT (Not in Strategy)
17-August-2026,Codex Milega Hilega Weekly,20-August-2026,ZUARIIND,282.5,285.95,OUT (Not in Strategy)
17-August-2026,Jyoti Budhiya 15M Breakout,21-August-2026,BALRAMCHIN,767.1,767.1,OUT (Not in Strategy)
17-August-2026,Codex Milega Hilega Weekly,21-August-2026,RIIL,799.1,793.45,OUT (Not in Strategy)
17-August-2026,Codex Milega Hilega Weekly,21-August-2026,VINCOFE,165.24,161.55,IN (in strategy still)
17-August-2026,Codex Milega Hilega Weekly,21-August-2026,DCBBANK,202.25,203.59,IN (in strategy still)
17-August-2026,Codex Milega Hilega Weekly,21-August-2026,GOKUL,41.35,42.8,IN (in strategy still)
17-August-2026,Codex Milega Hilega Weekly,21-August-2026,LICI,422.65,424.2,OUT (Not in Strategy)
17-August-2026,Codex Milega Hilega Weekly,21-August-2026,KSL,908.35,908.35,OUT (Not in Strategy)
17-August-2026,Codex Milega Hilega Weekly,21-August-2026,QUADFUTURE,405.35,405.35,IN (in strategy still)
17-August-2026,Codex Milega Hilega Weekly,21-August-2026,JAYNECOIND,99.31,99.89,IN (in strategy still)
17-August-2026,Codex Milega Hilega Weekly,21-August-2026,MODIRUBBER,135.6,135.6,IN (in strategy still)
17-August-2026,Stock mind27- EveryDay Call Options look up,22-August-2026,KFINTECH,980,-,IN (in strategy still)
17-August-2026,Stock mind27- EveryDay Call Options look up,22-August-2026,KOTAKBANK,402.8,-,IN (in strategy still)
17-August-2026,Stock mind27- EveryDay Call Options look up,22-August-2026,NYKAA,334,-,IN (in strategy still)
17-August-2026,Stock mind27- EveryDay Call Options look up,22-August-2026,PAYTM,1632,-,IN (in strategy still)
17-August-2026,Stock mind27- EveryDay Call Options look up,22-August-2026,KAYNES,3890,-,IN (in strategy still)
17-August-2026,Stock mind27- EveryDay Call Options look up,22-August-2026,LICI,422.25,-,IN (in strategy still)
17-August-2026,Stock mind27- EveryDay Call Options look up,22-August-2026,CDSL,1388.9,-,IN (in strategy still)
17-August-2026,Stock mind27- EveryDay Call Options look up,22-August-2026,AUBANK,1108.2,-,IN (in strategy still)
17-August-2026,Stock mind27- EveryDay Call Options look up,22-August-2026,AMBUJACEM,414.5,-,IN (in strategy still)
17-August-2026,Stock mind27- EveryDay Call Options look up,22-August-2026,JUBLFOOD,506.75,-,IN (in strategy still)
17-August-2026,Stock mind27- EveryDay Call Options look up,22-August-2026,KALYANKJIL,603.55,-,IN (in strategy still)
17-August-2026,Stock mind27- EveryDay Call Options look up,22-August-2026,PRESTIGE,1631,-,IN (in strategy still)
17-August-2026,Stock mind27- EveryDay Call Options look up,22-August-2026,HDFCLIFE,554.8,-,IN (in strategy still)
24-August-2026,Stock mind27- EveryDay Call Options look up,24-August-2026,VMM,110.66,-,OUT (Not in Strategy)
24-August-2026,Stock mind27- EveryDay Call Options look up,24-August-2026,NATIONALUM,399.75,-,OUT (Not in Strategy)
24-August-2026,Stock mind27- EveryDay Call Options look up,24-August-2026,HDFCBANK,733.85,-,OUT (Not in Strategy)
24-August-2026,Stock mind27- EveryDay Call Options look up,24-August-2026,KALYANKJIL,605.75,-,IN (in strategy still)
24-August-2026,Stock mind27- EveryDay Call Options look up,24-August-2026,WIPRO,182.34,-,OUT (Not in Strategy)
24-August-2026,Stock mind27- EveryDay Call Options look up,24-August-2026,SAIL,177.9,-,OUT (Not in Strategy)
24-August-2026,Stock mind27- EveryDay Call Options look up,24-August-2026,COALINDIA,406.6,-,OUT (Not in Strategy)
24-August-2026,Stock mind27- EveryDay Call Options look up,24-August-2026,MANAPPURAM,360.05,-,OUT (Not in Strategy)
24-August-2026,Stock mind27- EveryDay Call Options look up,24-August-2026,SWIGGY,284.05,-,OUT (Not in Strategy)
24-August-2026,Stock mind27- EveryDay Call Options look up,24-August-2026,MCX,3248.6,-,OUT (Not in Strategy)
24-August-2026,Stock mind27- EveryDay Call Options look up,24-August-2026,MUTHOOTFIN,3157,-,OUT (Not in Strategy)
24-August-2026,Stock mind27- EveryDay Call Options look up,24-August-2026,VEDL,279.7,-,OUT (Not in Strategy)
24-August-2026,Stock mind27- EveryDay Call Options look up,24-August-2026,HINDZINC,597.2,-,OUT (Not in Strategy)
24-August-2026,Stock mind27- EveryDay Call Options look up,24-August-2026,HINDALCO,1051.3,-,OUT (Not in Strategy)
24-August-2026,Stock mind27- EveryDay Call Options look up,24-August-2026,LTF,322.65,-,OUT (Not in Strategy)
24-August-2026,Stock mind27- EveryDay Call Options look up,24-August-2026,BANDHANBNK,179.42,-,OUT (Not in Strategy)
24-August-2026,Stock mind27- EveryDay Call Options look up,24-August-2026,CDSL,1405,-,OUT (Not in Strategy)
24-August-2026,Stock mind27- EveryDay Call Options look up,24-August-2026,PETRONET,296.25,-,OUT (Not in Strategy)
24-August-2026,Stock mind27- EveryDay Call Options look up,24-August-2026,ICICIBANK,1423.2,-,OUT (Not in Strategy)
24-August-2026,Stock mind27- EveryDay Call Options look up,24-August-2026,INFY,1135.4,-,OUT (Not in Strategy)
24-August-2026,Stock mind27- EveryDay Call Options look up,24-August-2026,ETERNAL,328.5,-,OUT (Not in Strategy)
24-August-2026,Stock mind27- EveryDay Call Options look up,24-August-2026,JSWSTEEL,1313.2,-,OUT (Not in Strategy)
24-August-2026,Stock mind27- EveryDay Call Options look up,24-August-2026,GAIL,173.55,-,OUT (Not in Strategy)
24-August-2026,Stock mind27- EveryDay Call Options look up,24-August-2026,HDFCLIFE,553.9,-,OUT (Not in Strategy)
24-August-2026,Stock mind27- EveryDay Call Options look up,24-August-2026,DLF,685.15,-,OUT (Not in Strategy)
24-August-2026,Stock mind27- EveryDay Call Options look up,24-August-2026,TATASTEEL,185.17,-,OUT (Not in Strategy)
24-August-2026,Stock mind27- EveryDay Call Options look up,24-August-2026,SUNPHARMA,1915.5,-,OUT (Not in Strategy)
24-August-2026,Stock mind27- EveryDay Call Options look up,24-August-2026,DRREDDY,1185,-,OUT (Not in Strategy)
24-August-2026,Stock mind27- EveryDay Call Options look up,24-August-2026,HINDPETRO,370.15,-,OUT (Not in Strategy)
24-August-2026,Stock mind27- EveryDay Call Options look up,24-August-2026,SBICARD,653.2,-,OUT (Not in Strategy)
24-August-2026,Codex Milega Hilega Weekly,24-August-2026,TVSSCS,137.71,-,OUT (Not in Strategy)
24-August-2026,Stock mind27- EveryDay Call Options look up,24-August-2026,IOC,138.1,-,OUT (Not in Strategy)
24-August-2026,Stock mind27- EveryDay Call Options look up,24-August-2026,SIEMENS,4073.7,-,OUT (Not in Strategy)
24-August-2026,Codex Milega Hilega Weekly,24-August-2026,RBZJEWEL,148,-,IN (in strategy still)
24-August-2026,Stock mind27- EveryDay Call Options look up,24-August-2026,LODHA,1251.9,-,OUT (Not in Strategy)
24-August-2026,Stock mind27- EveryDay Call Options look up,24-August-2026,LICI,423.7,-,OUT (Not in Strategy)
24-August-2026,Codex Milega Hilega Weekly,24-August-2026,RATNAMANI,2709.7,-,IN (in strategy still)
24-August-2026,Stock mind27- EveryDay Call Options look up,24-August-2026,AUBANK,1109.9,-,OUT (Not in Strategy)
24-August-2026,Stock mind27- EveryDay Call Options look up,24-August-2026,INDUSINDBK,1015.7,-,OUT (Not in Strategy)
24-August-2026,Stock mind27- EveryDay Call Options look up,24-August-2026,JINDALSTEL,1141.7,-,OUT (Not in Strategy)
24-August-2026,Stock mind27- EveryDay Call Options look up,24-August-2026,CIPLA,1436.4,-,OUT (Not in Strategy)
24-August-2026,Stock mind27- EveryDay Call Options look up,24-August-2026,COCHINSHIP,1515,-,OUT (Not in Strategy)
24-August-2026,Stock mind27- EveryDay Call Options look up,25-August-2026,UPL,576.7,-,OUT (Not in Strategy)
24-August-2026,Stock mind27- EveryDay Call Options look up,25-August-2026,INDUSTOWER,383.4,-,OUT (Not in Strategy)
24-August-2026,Stock mind27- EveryDay Call Options look up,25-August-2026,PAYTM,1628.1,-,OUT (Not in Strategy)
24-August-2026,Stock mind27- EveryDay Call Options look up,25-August-2026,BDL,1374.3,-,OUT (Not in Strategy)
24-August-2026,Stock mind27- EveryDay Call Options look up,25-August-2026,KAYNES,3962,-,OUT (Not in Strategy)
24-August-2026,Stock mind27- EveryDay Call Options look up,25-August-2026,IREDA,116.37,-,OUT (Not in Strategy)
24-August-2026,Stock mind27- EveryDay Call Options look up,25-August-2026,LAURUSLABS,1839.8,-,IN (in strategy still)
24-August-2026,Stock mind27- EveryDay Call Options look up,25-August-2026,ANGELONE,292.9,-,OUT (Not in Strategy)
24-August-2026,Stock mind27- EveryDay Call Options look up,25-August-2026,BPCL,313.95,-,IN (in strategy still)
24-August-2026,Stock mind27- EveryDay Call Options look up,25-August-2026,ADANIENT,3029.6,-,IN (in strategy still)
24-August-2026,Stock mind27- EveryDay Call Options look up,25-August-2026,NYKAA,333.15,-,OUT (Not in Strategy)
24-August-2026,Stock mind27- EveryDay Call Options look up,25-August-2026,ADANIENSOL,1565.6,-,IN (in strategy still)
24-August-2026,Stock mind27- EveryDay Call Options look up,25-August-2026,JUBLFOOD,510.65,-,OUT (Not in Strategy)
24-August-2026,Stock mind27- EveryDay Call Options look up,25-August-2026,MOTILALOFS,1006.55,-,OUT (Not in Strategy)
24-August-2026,Stock mind27- EveryDay Call Options look up,25-August-2026,ADANIGREEN,1320.5,-,OUT (Not in Strategy)
24-August-2026,Stock mind27- EveryDay Call Options look up,25-August-2026,UNIONBANK,186.11,-,OUT (Not in Strategy)
24-August-2026,Stock mind27- EveryDay Call Options look up,25-August-2026,COFORGE,1887.4,-,OUT (Not in Strategy)
24-August-2026,Stock mind27- EveryDay Call Options look up,25-August-2026,BIOCON,414.5,-,OUT (Not in Strategy)
24-August-2026,Stock mind27- EveryDay Call Options look up,25-August-2026,LICHSGFIN,503.9,-,IN (in strategy still)
24-August-2026,Stock mind27- EveryDay Call Options look up,25-August-2026,CGPOWER,874.85,-,IN (in strategy still)
24-August-2026,Stock mind27- EveryDay Call Options look up,25-August-2026,ADANIPOWER,204.84,-,IN (in strategy still)
24-August-2026,Stock mind27- EveryDay Call Options look up,25-August-2026,HDFCAMC,2672.7,-,OUT (Not in Strategy)
24-August-2026,Stock mind27- EveryDay Call Options look up,25-August-2026,BANKINDIA,143.09,-,OUT (Not in Strategy)
24-August-2026,Stock mind27- EveryDay Call Options look up,25-August-2026,LT,4109,-,OUT (Not in Strategy)
24-August-2026,Stock mind27- EveryDay Call Options look up,25-August-2026,FORTIS,921.05,-,OUT (Not in Strategy)
24-August-2026,Stock mind27- EveryDay Call Options look up,25-August-2026,MAXHEALTH,1006,-,OUT (Not in Strategy)
24-August-2026,Stock mind27- EveryDay Call Options look up,25-August-2026,INDHOTEL,730,-,OUT (Not in Strategy)
24-August-2026,Stock mind27- EveryDay Call Options look up,25-August-2026,ITC,270.1,-,OUT (Not in Strategy)
24-August-2026,Stock mind27- EveryDay Call Options look up,25-August-2026,SHRIRAMFIN,1136.4,-,OUT (Not in Strategy)
24-August-2026,Stock mind27- EveryDay Call Options look up,25-August-2026,PNBHOUSING,1179.3,-,OUT (Not in Strategy)
24-August-2026,Stock mind27- EveryDay Call Options look up,25-August-2026,ADANIPORTS,1695.2,-,IN (in strategy still)
24-August-2026,Codex Milega Hilega Weekly,26-August-2026,UMESLTD,5.89,-,OUT (Not in Strategy)
24-August-2026,Stock mind27- EveryDay Call Options look up,26-August-2026,BSE,3365,-,OUT (Not in Strategy)
24-August-2026,Stock mind27- EveryDay Call Options look up,26-August-2026,KOTAKBANK,407.8,-,OUT (Not in Strategy)
24-August-2026,Stock mind27- EveryDay Call Options look up,26-August-2026,ASHOKLEY,177.07,-,OUT (Not in Strategy)
24-August-2026,Stock mind27- EveryDay Call Options look up,26-August-2026,SBIN,1059.3,-,OUT (Not in Strategy)
24-August-2026,Stock mind27- EveryDay Call Options look up,26-August-2026,NTPC,343.5,-,OUT (Not in Strategy)
24-August-2026,Stock mind27- EveryDay Call Options look up,26-August-2026,PNB,117.36,-,OUT (Not in Strategy)
24-August-2026,Stock mind27- EveryDay Call Options look up,26-August-2026,BHEL,419.65,-,IN (in strategy still)
24-August-2026,Stock mind27- EveryDay Call Options look up,26-August-2026,ATHERENERG,1476.5,-,OUT (Not in Strategy)
24-August-2026,Stock mind27- EveryDay Call Options look up,26-August-2026,CANBK,129.8,-,OUT (Not in Strategy)
24-August-2026,Stock mind27- EveryDay Call Options look up,26-August-2026,POLICYBZR,1857.7,-,OUT (Not in Strategy)
24-August-2026,Stock mind27- EveryDay Call Options look up,26-August-2026,ABCAPITAL,414.5,-,OUT (Not in Strategy)
24-August-2026,Stock mind27- EveryDay Call Options look up,26-August-2026,AXISBANK,1244.1,-,OUT (Not in Strategy)
24-August-2026,Codex Milega Hilega Weekly,26-August-2026,IDBI,91.5,-,IN (in strategy still)
24-August-2026,Stock mind27- EveryDay Call Options look up,26-August-2026,AMBUJACEM,418.75,-,OUT (Not in Strategy)
24-August-2026,Stock mind27- EveryDay Call Options look up,26-August-2026,MAZDOCK,2637.8,-,OUT (Not in Strategy)
24-August-2026,Stock mind27- EveryDay Call Options look up,26-August-2026,JSWENERGY,552.3,-,OUT (Not in Strategy)
24-August-2026,Stock mind27- EveryDay Call Options look up,26-August-2026,ZYDUSLIFE,1143.4,-,IN (in strategy still)
24-August-2026,Stock mind27- EveryDay Call Options look up,26-August-2026,ICICIPRULI,524.5,-,OUT (Not in Strategy)
24-August-2026,Stock mind27- EveryDay Call Options look up,26-August-2026,INDIANB,890.55,-,OUT (Not in Strategy)
24-August-2026,Stock mind27- EveryDay Call Options look up,26-August-2026,BANKBARODA,243.53,-,OUT (Not in Strategy)
24-August-2026,Stock mind27- EveryDay Call Options look up,26-August-2026,DELHIVERY,450.2,-,IN (in strategy still)
24-August-2026,Stock mind27- EveryDay Call Options look up,26-August-2026,CONCOR,518,-,OUT (Not in Strategy)
24-August-2026,Stock mind27- EveryDay Call Options look up,26-August-2026,GVT&D,4339.9,-,OUT (Not in Strategy)
24-August-2026,Stock mind27- EveryDay Call Options look up,26-August-2026,BAJFINANCE,1087.8,-,OUT (Not in Strategy)
24-August-2026,Stock mind27- EveryDay Call Options look up,26-August-2026,CHOLAFIN,1884.2,-,OUT (Not in Strategy)
24-August-2026,Stock mind27- EveryDay Call Options look up,26-August-2026,KFINTECH,972.8,-,OUT (Not in Strategy)
24-August-2026,Stock mind27- EveryDay Call Options look up,26-August-2026,GRASIM,3288,-,OUT (Not in Strategy)
24-August-2026,Codex Milega Hilega Weekly,26-August-2026,SPLIL,33.53,-,IN (in strategy still)
24-August-2026,Codex Milega Hilega Weekly,26-August-2026,PARASPETRO,2.3,-,IN (in strategy still)
24-August-2026,Codex Milega Hilega Weekly,26-August-2026,HCC,23.91,-,IN (in strategy still)
24-August-2026,Codex Milega Hilega Weekly,27-August-2026,BLKASHYAP,56.6,-,IN (in strategy still)
24-August-2026,Codex Milega Hilega Weekly,27-August-2026,ASIANHOTNR,311.4,-,IN (in strategy still)
24-August-2026,Codex Milega Hilega Weekly,27-August-2026,NSLNISP,45.36,-,IN (in strategy still)
24-August-2026,Codex Milega Hilega Weekly,27-August-2026,BANARBEADS,125,-,OUT (Not in Strategy)
24-August-2026,Stock mind27- EveryDay Call Options look up,27-August-2026,TMPV,317.6,-,IN (in strategy still)
24-August-2026,Stock mind27- EveryDay Call Options look up,27-August-2026,BEL,411,-,OUT (Not in Strategy)
24-August-2026,Stock mind27- EveryDay Call Options look up,27-August-2026,TECHM,1592.8,-,OUT (Not in Strategy)
24-August-2026,Codex Milega Hilega Weekly,27-August-2026,ANUHPHR,82.27,-,IN (in strategy still)
24-August-2026,Stock mind27- EveryDay Call Options look up,27-August-2026,APLAPOLLO,2194,-,OUT (Not in Strategy)
24-August-2026,Stock mind27- EveryDay Call Options look up,27-August-2026,TITAN,5168.3,-,OUT (Not in Strategy)
24-August-2026,Stock mind27- EveryDay Call Options look up,27-August-2026,PGEL,600.45,-,OUT (Not in Strategy)
24-August-2026,Stock mind27- EveryDay Call Options look up,27-August-2026,SONACOMS,815.5,-,IN (in strategy still)
24-August-2026,Stock mind27- EveryDay Call Options look up,27-August-2026,SBILIFE,1783.5,-,OUT (Not in Strategy)
24-August-2026,Codex Milega Hilega Weekly,27-August-2026,FMNL,10.63,-,IN (in strategy still)
